x,y1,y2
0.0,17042.0,55.0
0.01,17077.0,64.0
0.02,17037.0,69.0
0.03,17111.0,50.0
0.04,17147.0,51.0
0.05,17059.0,61.0
0.06,17083.0,60.0
0.07,17103.0,49.0
0.08,17115.0,104.0
0.09,17173.0,72.0
0.1,17064.0,80.0
0.11,17112.0,67.0
0.12,17167.0,58.0
0.13,17204.0,60.0
0.14,17105.0,66.0
0.15,17087.0,52.0
0.16,17139.0,47.0
0.17,17215.0,52.0
0.18,17083.0,47.0
0.19,17140.0,50.0
0.2,17093.0,52.0
0.21,17117.0,48.0
0.22,17181.0,52.0
0.23,17095.0,60.0
0.24,17007.0,90.0
0.25,17098.0,38.0
0.26,17131.0,66.0
0.27,17118.0,69.0
0.28,17032.0,65.0
0.29,17047.0,39.0
0.3,17153.0,62.0
0.31,17135.0,55.0
0.32,17126.0,58.0
0.33,17116.0,56.0
0.34,17193.0,48.0
0.35,17227.0,43.0
0.36,17204.0,48.0
0.37,17206.0,74.0
0.38,17169.0,51.0
0.39,17252.0,53.0
0.4,17297.0,55.0
0.41,17222.0,66.0
0.42,17191.0,53.0
0.43,17198.0,47.0
0.44,17281.0,64.0
0.45,17284.0,45.0
0.46,17259.0,72.0
0.47,17226.0,57.0
0.48,17252.0,45.0
0.49,17339.0,72.0
0.5,17251.0,52.0
0.51,17210.0,87.0
0.52,17249.0,54.0
0.53,17283.0,50.0
0.54,17296.0,33.0
0.55,17212.0,72.0
0.56,17261.0,51.0
0.57,17371.0,52.0
0.58,17268.0,94.0
0.59,17289.0,37.0
0.6,17227.0,61.0
0.61,17276.0,66.0
0.62,17246.0,52.0
0.63,17258.0,44.0
0.64,17212.0,57.0
0.65,17279.0,44.0
0.66,17329.0,61.0
0.67,17270.0,43.0
0.68,17216.0,73.0
0.69,17214.0,63.0
0.7,17208.0,53.0
0.71,17330.0,45.0
0.72,17337.0,63.0
0.73,17252.0,49.0
0.74,17264.0,44.0
0.75,17278.0,51.0
0.76,17255.0,58.0
0.77,17299.0,51.0
0.78,17248.0,93.0
0.79,17263.0,73.0
0.8,17341.0,63.0
0.81,17306.0,43.0
0.82,17261.0,87.0
0.83,17284.0,47.0
0.84,17401.0,45.0
0.85,17372.0,65.0
0.86,17405.0,50.0
0.87,17304.0,76.0
0.88,17362.0,64.0
0.89,17448.0,50.0
0.9,17400.0,60.0
0.91,17346.0,71.0
0.92,17435.0,63.0
0.93,17502.0,74.0
0.94,17506.0,60.0
0.95,17489.0,45.0
0.96,17373.0,73.0
0.97,17399.0,92.0
0.98,17536.0,32.0
0.99,17414.0,46.0
1.0,17449.0,88.0
1.01,17402.0,75.0
1.02,17431.0,64.0
1.03,17404.0,63.0
1.04,17424.0,42.0
1.05,17393.0,84.0
1.06,17404.0,60.0
1.07,17499.0,62.0
1.08,17479.0,72.0
1.09,17386.0,62.0
1.1,17448.0,74.0
1.11,17463.0,49.0
1.12,17500.0,58.0
1.13,17485.0,76.0
1.14,17447.0,90.0
1.15,17400.0,38.0
1.16,17427.0,56.0
1.17,17522.0,25.0
1.18,17406.0,61.0
1.19,17325.0,67.0
1.2,17458.0,32.0
1.21,17459.0,30.0
1.22,17484.0,64.0
1.23,17436.0,47.0
1.24,17492.0,44.0
1.25,17417.0,55.0
1.26,17511.0,46.0
1.27,17460.0,42.0
1.28,17479.0,61.0
1.29,17486.0,46.0
1.3,17539.0,61.0
1.31,17449.0,45.0
1.32,17497.0,32.0
1.33,17484.0,81.0
1.34,17577.0,43.0
1.35,17635.0,70.0
1.36,17541.0,72.0
1.37,17472.0,75.0
1.38,17554.0,60.0
1.39,17591.0,34.0
1.4,17674.0,67.0
1.41,17528.0,42.0
1.42,17512.0,81.0
1.43,17717.0,56.0
1.44,17707.0,68.0
1.45,17615.0,71.0
1.46,17597.0,61.0
1.47,17666.0,64.0
1.48,17686.0,32.0
1.49,17724.0,64.0
1.5,17647.0,77.0
1.51,17675.0,77.0
1.52,17708.0,60.0
1.53,17708.0,57.0
1.54,17648.0,69.0
1.55,17605.0,64.0
1.56,17575.0,42.0
1.57,17614.0,41.0
1.58,17622.0,57.0
1.59,17522.0,55.0
1.6,17602.0,61.0
1.61,17666.0,59.0
1.62,17657.0,50.0
1.63,17622.0,62.0
1.64,17514.0,59.0
1.65,17539.0,34.0
1.66,17670.0,62.0
1.67,17612.0,38.0
1.68,17549.0,57.0
1.69,17506.0,55.0
1.7,17522.0,58.0
1.71,17708.0,47.0
1.72,17639.0,75.0
1.73,17596.0,51.0
1.74,17606.0,113.0
1.75,17719.0,59.0
1.76,17732.0,35.0
1.77,17644.0,64.0
1.78,17619.0,94.0
1.79,17746.0,54.0
1.8,17765.0,70.0
1.81,17814.0,87.0
1.82,17754.0,17.0
1.83,17775.0,24.0
1.84,17823.0,55.0
1.85,17792.0,64.0
1.86,17683.0,45.0
1.87,17633.0,50.0
1.88,17753.0,46.0
1.89,17825.0,40.0
1.9,17791.0,83.0
1.91,17713.0,70.0
1.92,17751.0,37.0
1.93,17858.0,54.0
1.94,17833.0,56.0
1.95,17838.0,48.0
1.96,17811.0,15.0
1.97,17850.0,44.0
1.98,17908.0,43.0
1.99,17868.0,25.0
2.0,17872.0,44.0
2.01,17862.0,57.0
2.02,17926.0,36.0
2.03,17977.0,48.0
2.04,17846.0,56.0
2.05,17829.0,59.0
2.06,17911.0,46.0
2.07,17947.0,32.0
2.08,17886.0,50.0
2.09,17793.0,62.0
2.1,17848.0,69.0
2.11,17887.0,46.0
2.12,17910.0,62.0
2.13,17889.0,29.0
2.14,17828.0,72.0
2.15,17871.0,50.0
2.16,17931.0,66.0
2.17,17876.0,56.0
2.18,17849.0,37.0
2.19,17865.0,76.0
2.2,17949.0,39.0
2.21,17906.0,50.0
2.22,17933.0,48.0
2.23,17895.0,53.0
2.24,17942.0,33.0
2.25,17892.0,61.0
2.26,17898.0,64.0
2.27,17937.0,15.0
2.28,17852.0,4.0
2.29,17976.0,19.0
2.3,17936.0,79.0
2.31,17912.0,74.0
2.32,17960.0,102.0
2.33,18040.0,149.0
2.34,18145.0,58.0
2.35,17882.0,47.0
2.36,18045.0,72.0
2.37,18003.0,29.0
2.38,18079.0,55.0
2.39,18136.0,41.0
2.4,18095.0,74.0
2.41,18095.0,60.0
2.42,18170.0,49.0
2.43,18219.0,62.0
2.44,18193.0,70.0
2.45,18069.0,42.0
2.46,18100.0,30.0
2.47,18161.0,33.0
2.48,18194.0,57.0
2.49,18184.0,42.0
2.5,18102.0,99.0
2.51,18099.0,34.0
2.52,18164.0,100.0
2.53,18231.0,24.0
2.54,18101.0,51.0
2.55,18145.0,35.0
2.56,18114.0,54.0
2.57,18246.0,214.0
2.58,18266.0,43.0
2.59,18367.0,34.0
2.6,18225.0,74.0
2.61,18272.0,-76.0
2.62,18249.0,47.0
2.63,18203.0,-28.0
2.64,18228.0,92.0
2.65,18213.0,124.0
2.66,18212.0,68.0
2.67,18208.0,12.0
2.68,18248.0,49.0
2.69,18210.0,97.0
2.7,18305.0,-8.0
2.71,18280.0,71.0
2.72,18269.0,-49.0
2.73,18383.0,73.0
2.74,18329.0,121.0
2.75,18391.0,68.0
2.76,18422.0,81.0
2.77,18211.0,-30.0
2.78,18327.0,70.0
2.79,18189.0,223.0
2.8,18392.0,67.0
2.81,18331.0,-7.0
2.82,18437.0,60.0
2.83,18396.0,44.0
2.84,18480.0,69.0
2.85,18448.0,52.0
2.86,18467.0,110.0
2.87,18409.0,58.0
2.88,18551.0,34.0
2.89,18579.0,47.0
2.9,18540.0,47.0
2.91,18553.0,66.0
2.92,18529.0,54.0
2.93,18571.0,58.0
2.94,18614.0,59.0
2.95,18621.0,80.0
2.96,18585.0,53.0
2.97,18655.0,31.0
2.98,18622.0,89.0
2.99,18521.0,82.0
3.0,18582.0,83.0
3.01,18541.0,54.0
3.02,18601.0,42.0
3.03,18596.0,56.0
3.04,18522.0,60.0
3.05,18583.0,55.0
3.06,18668.0,43.0
3.07,18698.0,82.0
3.08,18620.0,119.0
3.09,18665.0,67.0
3.1,18687.0,80.0
3.11,18685.0,45.0
3.12,18633.0,40.0
3.13,18570.0,67.0
3.14,18753.0,31.0
3.15,18754.0,31.0
3.16,18737.0,57.0
3.17,18636.0,63.0
3.18,18588.0,48.0
3.19,18683.0,34.0
3.2,18677.0,50.0
3.21,18735.0,18.0
3.22,18620.0,69.0
3.23,18683.0,37.0
3.24,18676.0,56.0
3.25,18749.0,44.0
3.26,18748.0,63.0
3.27,18775.0,72.0
3.28,18751.0,57.0
3.29,18849.0,56.0
3.3,18889.0,60.0
3.31,18768.0,56.0
3.32,18831.0,69.0
3.33,18900.0,26.0
3.34,18893.0,24.0
3.35,18893.0,75.0
3.36,18856.0,47.0
3.37,18813.0,70.0
3.38,18913.0,47.0
3.39,18917.0,66.0
3.4,18963.0,137.0
3.41,18906.0,50.0
3.42,19037.0,33.0
3.43,19046.0,72.0
3.44,19015.0,79.0
3.45,18980.0,49.0
3.46,19017.0,42.0
3.47,19091.0,51.0
3.48,19105.0,51.0
3.49,19114.0,63.0
3.5,19093.0,66.0
3.51,19136.0,84.0
3.52,19147.0,69.0
3.53,19158.0,75.0
3.54,19025.0,63.0
3.55,19053.0,14.0
3.56,19118.0,56.0
3.57,19123.0,60.0
3.58,19031.0,65.0
3.59,19029.0,75.0
3.6,19048.0,73.0
3.61,19189.0,59.0
3.62,19231.0,37.0
3.63,19148.0,52.0
3.64,19188.0,39.0
3.65,19262.0,75.0
3.66,19224.0,73.0
3.67,19225.0,68.0
3.68,19203.0,60.0
3.69,19238.0,53.0
3.7,19257.0,39.0
3.71,19196.0,67.0
3.72,19113.0,74.0
3.73,19081.0,49.0
3.74,19211.0,70.0
3.75,19265.0,74.0
3.76,19148.0,57.0
3.77,19136.0,78.0
3.78,19076.0,40.0
3.79,19291.0,27.0
3.8,19261.0,35.0
3.81,19241.0,43.0
3.82,19199.0,58.0
3.83,19353.0,80.0
3.84,19439.0,65.0
3.85,19379.0,64.0
3.86,19298.0,82.0
3.87,19337.0,64.0
3.88,19385.0,50.0
3.89,19474.0,64.0
3.9,19395.0,86.0
3.91,19363.0,45.0
3.92,19443.0,57.0
3.93,19458.0,76.0
3.94,19430.0,59.0
3.95,19438.0,64.0
3.96,19485.0,53.0
3.97,19551.0,21.0
3.98,19502.0,73.0
3.99,19521.0,57.0
4.0,19507.0,48.0
4.01,19566.0,70.0
4.02,19639.0,58.0
4.03,19613.0,63.0
4.04,19538.0,73.0
4.05,19576.0,76.0
4.06,19619.0,30.0
4.07,19647.0,20.0
4.08,19562.0,71.0
4.09,19537.0,78.0
4.1,19554.0,44.0
4.11,19615.0,60.0
4.12,19496.0,54.0
4.13,19504.0,51.0
4.14,19562.0,58.0
4.15,19564.0,32.0
4.16,19678.0,37.0
4.17,19653.0,40.0
4.18,19672.0,58.0
4.19,19694.0,43.0
4.2,19718.0,37.0
4.21,19614.0,85.0
4.22,19633.0,64.0
4.23,19571.0,69.0
4.24,19642.0,48.0
4.25,19594.0,54.0
4.26,19610.0,70.0
4.27,19523.0,70.0
4.28,19621.0,77.0
4.29,19661.0,60.0
4.3,19609.0,46.0
4.31,19634.0,49.0
4.32,19635.0,50.0
4.33,19739.0,66.0
4.34,19771.0,56.0
4.35,19625.0,44.0
4.36,19624.0,71.0
4.37,19658.0,24.0
4.38,19751.0,48.0
4.39,19703.0,55.0
4.4,19694.0,70.0
4.41,19739.0,83.0
4.42,19791.0,37.0
4.43,19789.0,57.0
4.44,19676.0,75.0
4.45,19604.0,62.0
4.46,19690.0,29.0
4.47,19744.0,40.0
4.48,19758.0,76.0
4.49,19742.0,83.0
4.5,19715.0,69.0
4.51,19800.0,51.0
4.52,19800.0,61.0
4.53,19738.0,50.0
4.54,19698.0,55.0
4.55,19656.0,74.0
4.56,19747.0,53.0
4.57,19795.0,62.0
4.58,19652.0,77.0
4.59,19735.0,46.0
4.6,19631.0,55.0
4.61,19756.0,30.0
4.62,19690.0,62.0
4.63,19698.0,90.0
4.64,19748.0,66.0
4.65,19764.0,71.0
4.66,19750.0,43.0
4.67,19647.0,83.0
4.68,19652.0,56.0
4.69,19663.0,55.0
4.7,19702.0,52.0
4.71,19667.0,75.0
4.72,19653.0,59.0
4.73,19649.0,62.0
4.74,19759.0,66.0
4.75,19784.0,79.0
4.76,19607.0,60.0
4.77,19641.0,58.0
4.78,19706.0,50.0
4.79,19638.0,83.0
4.8,19615.0,90.0
4.81,19613.0,45.0
4.82,19634.0,43.0
4.83,19622.0,78.0
4.84,19665.0,74.0
4.85,19566.0,50.0
4.86,19509.0,28.0
4.87,19627.0,27.0
4.88,19637.0,71.0
4.89,19616.0,106.0
4.9,19560.0,78.0
4.91,19605.0,59.0
4.92,19631.0,62.0
4.93,19667.0,69.0
4.94,19560.0,85.0
4.95,19519.0,77.0
4.96,19597.0,41.0
4.97,19537.0,48.0
4.98,19502.0,36.0
4.99,19435.0,79.0
5.0,19390.0,52.0
5.01,19370.0,57.0
5.02,19348.0,47.0
5.03,19230.0,57.0
5.04,19231.0,53.0
5.05,19175.0,56.0
5.06,19190.0,25.0
5.07,19125.0,63.0
5.08,18942.0,39.0
5.09,19019.0,68.0
5.1,19057.0,80.0
5.11,19013.0,50.0
5.12,18926.0,70.0
5.13,18909.0,84.0
5.14,18923.0,61.0
5.15,18837.0,50.0
5.16,18694.0,46.0
5.17,18639.0,54.0
5.18,18530.0,65.0
5.19,18666.0,57.0
5.2,18591.0,49.0
5.21,18438.0,48.0
5.22,18384.0,59.0
5.23,18426.0,37.0
5.24,18378.0,74.0
5.25,18294.0,71.0
5.26,18236.0,46.0
5.27,18121.0,61.0
5.28,18153.0,51.0
5.29,18123.0,62.0
5.3,17988.0,64.0
5.31,17782.0,45.0
5.32,17764.0,65.0
5.33,17809.0,65.0
5.34,17678.0,39.0
5.35,17504.0,58.0
5.36,17451.0,41.0
5.37,17405.0,47.0
5.38,17368.0,54.0
5.39,17289.0,61.0
5.4,17186.0,65.0
5.41,17151.0,53.0
5.42,17196.0,37.0
5.43,17100.0,36.0
5.44,16955.0,61.0
5.45,16925.0,47.0
5.46,16941.0,75.0
5.47,16824.0,87.0
5.48,16635.0,45.0
5.49,16511.0,67.0
5.5,16483.0,71.0
5.51,16460.0,19.0
5.52,16298.0,70.0
5.53,16109.0,78.0
5.54,16022.0,51.0
5.55,15997.0,65.0
5.56,15892.0,71.0
5.57,15749.0,72.0
5.58,15646.0,44.0
5.59,15562.0,59.0
5.6,15564.0,38.0
5.61,15473.0,83.0
5.62,15274.0,59.0
5.63,15158.0,73.0
5.64,15113.0,61.0
5.65,14992.0,66.0
5.66,14863.0,63.0
5.67,14566.0,59.0
5.68,14574.0,42.0
5.69,14445.0,44.0
5.7,14378.0,70.0
5.71,14175.0,63.0
5.72,14034.0,49.0
5.73,13949.0,44.0
5.74,13832.0,39.0
5.75,13674.0,63.0
5.76,13529.0,47.0
5.77,13393.0,62.0
5.78,13373.0,73.0
5.79,13245.0,50.0
5.8,13111.0,60.0
5.81,12997.0,59.0
5.82,12917.0,63.0
5.83,12862.0,41.0
5.84,12736.0,81.0
5.85,12518.0,59.0
5.86,12566.0,42.0
5.87,12449.0,41.0
5.88,12336.0,50.0
5.89,12186.0,73.0
5.9,12078.0,56.0
5.91,12045.0,56.0
5.92,11963.0,69.0
5.93,11825.0,73.0
5.94,11740.0,70.0
5.95,11617.0,37.0
5.96,11647.0,76.0
5.97,11573.0,65.0
5.98,11401.0,65.0
5.99,11389.0,79.0
6.0,11326.0,57.0
6.01,11267.0,65.0
6.02,11162.0,60.0
6.03,11036.0,49.0
6.04,10957.0,60.0
6.05,10957.0,54.0
6.06,10890.0,45.0
6.07,10746.0,46.0
6.08,10688.0,62.0
6.09,10651.0,69.0
6.1,10566.0,51.0
6.11,10461.0,77.0
6.12,10379.0,62.0
6.13,10254.0,75.0
6.14,10269.0,66.0
6.15,10268.0,67.0
6.16,10139.0,82.0
6.17,10045.0,63.0
6.18,10100.0,45.0
6.19,9971.0,41.0
6.2,9992.0,58.0
6.21,9853.0,32.0
6.22,9785.0,46.0
6.23,9830.0,91.0
6.24,9818.0,34.0
6.25,9661.0,70.0
6.26,9621.0,48.0
6.27,9608.0,48.0
6.28,9615.0,45.0
6.29,9625.0,48.0
6.3,9537.0,67.0
6.31,9561.0,71.0
6.32,9448.0,34.0
6.33,9545.0,48.0
6.34,9527.0,91.0
6.35,9443.0,55.0
6.36,9538.0,66.0
6.37,9515.0,49.0
6.38,9638.0,80.0
6.39,9453.0,63.0
6.4,9548.0,31.0
6.41,9507.0,59.0
6.42,9592.0,37.0
6.43,9577.0,51.0
6.44,9517.0,54.0
6.45,9496.0,40.0
6.46,9554.0,50.0
6.47,9651.0,59.0
6.48,9581.0,62.0
6.49,9607.0,61.0
6.5,9747.0,80.0
6.51,9697.0,28.0
6.52,9770.0,53.0
6.53,9829.0,57.0
6.54,9730.0,42.0
6.55,9865.0,54.0
6.56,9919.0,31.0
6.57,9882.0,83.0
6.58,9905.0,59.0
6.59,9931.0,64.0
6.6,9940.0,54.0
6.61,9904.0,67.0
6.62,9964.0,58.0
6.63,9897.0,33.0
6.64,9920.0,49.0
6.65,9963.0,54.0
6.66,9985.0,67.0
6.67,9950.0,66.0
6.68,10036.0,49.0
6.69,10002.0,35.0
6.7,10102.0,67.0
6.71,10041.0,57.0
6.72,10049.0,61.0
6.73,10189.0,35.0
6.74,10247.0,61.0
6.75,10229.0,61.0
6.76,10199.0,64.0
6.77,10177.0,54.0
6.78,10308.0,53.0
6.79,10363.0,47.0
6.8,10215.0,52.0
6.81,10246.0,63.0
6.82,10315.0,37.0
6.83,10373.0,42.0
6.84,10405.0,56.0
6.85,10376.0,75.0
6.86,10344.0,67.0
6.87,10458.0,53.0
6.88,10521.0,73.0
6.89,10454.0,69.0
6.9,10480.0,62.0
6.91,10559.0,62.0
6.92,10577.0,54.0
6.93,10541.0,65.0
6.94,10611.0,71.0
6.95,10591.0,57.0
6.96,10660.0,50.0
6.97,10656.0,47.0
6.98,10692.0,60.0
6.99,10686.0,64.0
7.0,10676.0,57.0
7.01,10749.0,60.0
7.02,10697.0,62.0
7.03,10695.0,58.0
7.04,10746.0,69.0
7.05,10748.0,40.0
7.06,10804.0,47.0
7.07,10777.0,37.0
7.08,10736.0,49.0
7.09,10777.0,54.0
7.1,10859.0,47.0
7.11,10880.0,72.0
7.12,10818.0,56.0
7.13,10781.0,54.0
7.14,10844.0,40.0
7.15,10825.0,32.0
7.16,10806.0,59.0
7.17,10806.0,68.0
7.18,10790.0,57.0
7.19,10850.0,56.0
7.2,10821.0,40.0
7.21,10864.0,64.0
7.22,10862.0,49.0
7.23,10954.0,58.0
7.24,10996.0,45.0
7.25,10991.0,70.0
7.26,11002.0,59.0
7.27,11073.0,46.0
7.28,11147.0,66.0
7.29,11259.0,52.0
7.3,11170.0,43.0
7.31,11215.0,58.0
7.32,11304.0,45.0
7.33,11386.0,68.0
7.34,11328.0,76.0
7.35,11355.0,63.0
7.36,11364.0,50.0
7.37,11463.0,51.0
7.38,11505.0,43.0
7.39,11450.0,69.0
7.4,11502.0,62.0
7.41,11557.0,52.0
7.42,11634.0,72.0
7.43,11686.0,76.0
7.44,11619.0,63.0
7.45,11646.0,44.0
7.46,11672.0,58.0
7.47,11744.0,51.0
7.48,11689.0,62.0
7.49,11702.0,55.0
7.5,11684.0,45.0
7.51,11776.0,43.0
7.52,11847.0,44.0
7.53,11734.0,55.0
7.54,11721.0,48.0
7.55,11766.0,50.0
7.56,11825.0,56.0
7.57,11747.0,46.0
7.58,11777.0,65.0
7.59,11768.0,66.0
7.6,11826.0,40.0
7.61,11903.0,51.0
7.62,11844.0,69.0
7.63,11874.0,35.0
7.64,11945.0,51.0
7.65,11974.0,53.0
7.66,11839.0,48.0
7.67,11909.0,72.0
7.68,11897.0,75.0
7.69,11902.0,41.0
7.7,12033.0,53.0
7.71,11952.0,72.0
7.72,11914.0,63.0
7.73,11943.0,33.0
7.74,12005.0,45.0
7.75,12044.0,58.0
7.76,11999.0,64.0
7.77,12077.0,53.0
7.78,12176.0,48.0
7.79,12166.0,33.0
7.8,12152.0,42.0
7.81,12172.0,37.0
7.82,12244.0,54.0
7.83,12247.0,66.0
7.84,12256.0,67.0
7.85,12256.0,60.0
7.86,12232.0,60.0
7.87,12288.0,47.0
7.88,12331.0,36.0
7.89,12258.0,70.0
7.9,12257.0,64.0
7.91,12326.0,46.0
7.92,12393.0,41.0
7.93,12384.0,77.0
7.94,12390.0,57.0
7.95,12383.0,49.0
7.96,12442.0,43.0
7.97,12484.0,49.0
7.98,12423.0,82.0
7.99,12401.0,66.0
8.0,12448.0,64.0
8.01,12500.0,53.0
8.02,12495.0,76.0
8.03,12431.0,68.0
8.04,12450.0,57.0
8.05,12495.0,30.0
8.06,12610.0,45.0
8.07,12575.0,62.0
8.08,12467.0,61.0
8.09,12558.0,67.0
8.1,12562.0,57.0
8.11,12608.0,75.0
8.12,12484.0,58.0
8.13,12564.0,57.0
8.14,12636.0,39.0
8.15,12611.0,35.0
8.16,12656.0,70.0
8.17,12645.0,68.0
8.18,12711.0,54.0
8.19,12700.0,37.0
8.2,12733.0,67.0
8.21,12639.0,50.0
8.22,12687.0,61.0
8.23,12736.0,56.0
8.24,12717.0,51.0
8.25,12679.0,60.0
8.26,12713.0,59.0
8.27,12699.0,47.0
8.28,12785.0,47.0
8.29,12855.0,70.0
8.3,12772.0,70.0
8.31,12776.0,42.0
8.32,12856.0,45.0
8.33,12921.0,55.0
8.34,12901.0,52.0
8.35,12880.0,75.0
8.36,12896.0,38.0
8.37,12992.0,46.0
8.38,13017.0,47.0
8.39,12952.0,65.0
8.4,12912.0,78.0
8.41,13021.0,50.0
8.42,13009.0,57.0
8.43,12989.0,63.0
8.44,13013.0,45.0
8.45,12944.0,53.0
8.46,13073.0,70.0
8.47,13038.0,29.0
8.48,13003.0,60.0
8.49,12988.0,98.0
8.5,13054.0,39.0
8.51,13089.0,56.0
8.52,13137.0,72.0
8.53,13041.0,52.0
8.54,13109.0,68.0
8.55,13153.0,51.0
8.56,13136.0,53.0
8.57,13135.0,60.0
8.58,13133.0,56.0
8.59,13204.0,68.0
8.6,13173.0,61.0
8.61,13132.0,76.0
8.62,13078.0,46.0
8.63,13114.0,41.0
8.64,13163.0,46.0
8.65,13161.0,43.0
8.66,13105.0,82.0
8.67,13114.0,58.0
8.68,13146.0,54.0
8.69,13216.0,67.0
8.7,13250.0,63.0
8.71,13107.0,34.0
8.72,13154.0,65.0
8.73,13207.0,59.0
8.74,13245.0,53.0
8.75,13254.0,95.0
8.76,13163.0,55.0
8.77,13177.0,47.0
8.78,13290.0,55.0
8.79,13251.0,77.0
8.8,13215.0,50.0
8.81,13237.0,64.0
8.82,13329.0,49.0
8.83,13353.0,54.0
8.84,13311.0,66.0
8.85,13347.0,73.0
8.86,13419.0,58.0
8.87,13454.0,44.0
8.88,13430.0,67.0
8.89,13473.0,63.0
8.9,13412.0,57.0
8.91,13496.0,73.0
8.92,13540.0,46.0
8.93,13415.0,65.0
8.94,13464.0,64.0
8.95,13499.0,76.0
8.96,13482.0,56.0
8.97,13460.0,68.0
8.98,13349.0,48.0
8.99,13407.0,53.0
9.0,13492.0,44.0
9.01,13478.0,44.0
9.02,13452.0,75.0
9.03,13479.0,43.0
9.04,13530.0,63.0
9.05,13502.0,56.0
9.06,13592.0,33.0
9.07,13570.0,66.0
9.08,13473.0,36.0
9.09,13639.0,68.0
9.1,13655.0,40.0
9.11,13603.0,51.0
9.12,13556.0,59.0
9.13,13592.0,41.0
9.14,13611.0,51.0
9.15,13607.0,34.0
9.16,13513.0,56.0
9.17,13566.0,70.0
9.18,13560.0,80.0
9.19,13634.0,71.0
9.2,13603.0,83.0
9.21,13545.0,52.0
9.22,13609.0,50.0
9.23,13656.0,50.0
9.24,13711.0,46.0
9.25,13596.0,67.0
9.26,13611.0,55.0
9.27,13674.0,49.0
9.28,13730.0,56.0
9.29,13657.0,53.0
9.3,13611.0,25.0
9.31,13680.0,67.0
9.32,13710.0,53.0
9.33,13723.0,71.0
9.34,13675.0,67.0
9.35,13658.0,51.0
9.36,13758.0,46.0
9.37,13852.0,70.0
9.38,13835.0,74.0
9.39,13751.0,78.0
9.4,13799.0,60.0
9.41,13839.0,58.0
9.42,13889.0,79.0
9.43,13800.0,74.0
9.44,13759.0,66.0
9.45,13878.0,69.0
9.46,13856.0,36.0
9.47,13850.0,33.0
9.48,13762.0,87.0
9.49,13752.0,49.0
9.5,13830.0,51.0
9.51,13867.0,53.0
9.52,13816.0,63.0
9.53,13827.0,60.0
9.54,13894.0,70.0
9.55,13948.0,35.0
9.56,13823.0,73.0
9.57,13848.0,76.0
9.58,13893.0,57.0
9.59,13996.0,72.0
9.6,13889.0,43.0
9.61,13771.0,58.0
9.62,13868.0,48.0
9.63,13950.0,62.0
9.64,13856.0,47.0
9.65,13948.0,61.0
9.66,13822.0,49.0
9.67,13814.0,54.0
9.68,13876.0,58.0
9.69,13958.0,47.0
9.7,13914.0,50.0
9.71,13782.0,48.0
9.72,13857.0,40.0
9.73,13884.0,28.0
9.74,14029.0,81.0
9.75,13936.0,70.0
9.76,13914.0,62.0
9.77,13986.0,59.0
9.78,14071.0,48.0
9.79,13810.0,59.0
9.8,13982.0,39.0
9.81,14018.0,58.0
9.82,14088.0,67.0
9.83,14050.0,61.0
9.84,14001.0,67.0
9.85,13977.0,72.0
9.86,14022.0,46.0
9.87,14068.0,42.0
9.88,14074.0,44.0
9.89,14032.0,57.0
9.9,14016.0,61.0
9.91,14092.0,48.0
9.92,14088.0,53.0
9.93,14031.0,73.0
9.94,14102.0,53.0
9.95,14100.0,50.0
9.96,14108.0,50.0
9.97,14107.0,59.0
9.98,14048.0,60.0
9.99,14031.0,52.0
10.0,14147.0,61.0
10.01,14132.0,74.0
10.02,14049.0,72.0
10.03,14051.0,71.0
10.04,14089.0,75.0
10.05,14123.0,70.0
10.06,14151.0,69.0
10.07,14032.0,58.0
10.08,14086.0,51.0
10.09,14077.0,53.0
10.1,14202.0,82.0
10.11,14119.0,58.0
10.12,14130.0,63.0
10.13,14204.0,60.0
10.14,14200.0,42.0
10.15,14146.0,67.0
10.16,14113.0,77.0
10.17,14129.0,52.0
10.18,14231.0,42.0
10.19,14194.0,48.0
10.2,14138.0,59.0
10.21,13987.0,56.0
10.22,14088.0,55.0
10.23,14135.0,49.0
10.24,14202.0,80.0
10.25,14148.0,60.0
10.26,14055.0,72.0
10.27,14122.0,44.0
10.28,14188.0,46.0
10.29,14179.0,70.0
10.3,14154.0,57.0
10.31,14151.0,66.0
10.32,14311.0,62.0
10.33,14299.0,66.0
10.34,14255.0,51.0
10.35,14208.0,56.0
10.36,14283.0,45.0
10.37,14322.0,52.0
10.38,14267.0,59.0
10.39,14213.0,49.0
10.4,14323.0,61.0
10.41,14320.0,71.0
10.42,14296.0,54.0
10.43,14302.0,82.0
10.44,14272.0,69.0
10.45,14336.0,51.0
10.46,14433.0,73.0
10.47,14317.0,49.0
10.48,14296.0,48.0
10.49,14356.0,34.0
10.5,14377.0,70.0
10.51,14422.0,52.0
10.52,14333.0,70.0
10.53,14319.0,66.0
10.54,14237.0,56.0
10.55,14406.0,74.0
10.56,14265.0,68.0
10.57,14298.0,45.0
10.58,14222.0,59.0
10.59,14303.0,47.0
10.6,14306.0,57.0
10.61,14280.0,65.0
10.62,14231.0,67.0
10.63,14267.0,42.0
10.64,14385.0,35.0
10.65,14396.0,58.0
10.66,14326.0,50.0
10.67,14308.0,45.0
10.68,14400.0,26.0
10.69,14382.0,75.0
10.7,14279.0,59.0
10.71,14310.0,77.0
10.72,14282.0,67.0
10.73,14295.0,74.0
10.74,14342.0,57.0
10.75,14286.0,46.0
10.76,14311.0,57.0
10.77,14265.0,60.0
10.78,14293.0,50.0
10.79,14326.0,53.0
10.8,14275.0,60.0
10.81,14368.0,62.0
10.82,14418.0,71.0
10.83,14442.0,13.0
10.84,14413.0,63.0
10.85,14456.0,73.0
10.86,14385.0,48.0
10.87,14460.0,57.0
10.88,14378.0,60.0
10.89,14395.0,58.0
10.9,14395.0,77.0
10.91,14458.0,57.0
10.92,14433.0,48.0
10.93,14433.0,72.0
10.94,14424.0,46.0
10.95,14474.0,37.0
10.96,14516.0,36.0
10.97,14444.0,51.0
10.98,14432.0,60.0
10.99,14365.0,55.0
11.0,14502.0,51.0
11.01,14480.0,22.0
11.02,14408.0,64.0
11.03,14448.0,66.0
11.04,14418.0,38.0
11.05,14490.0,64.0
11.06,14533.0,68.0
11.07,14450.0,50.0
11.08,14465.0,70.0
11.09,14492.0,60.0
11.1,14497.0,38.0
11.11,14537.0,53.0
11.12,14406.0,59.0
11.13,14403.0,45.0
11.14,14557.0,44.0
11.15,14534.0,48.0
11.16,14427.0,49.0
11.17,14447.0,51.0
11.18,14490.0,48.0
11.19,14494.0,59.0
11.2,14511.0,50.0
11.21,14488.0,48.0
11.22,14455.0,62.0
11.23,14517.0,50.0
11.24,14496.0,53.0
11.25,14464.0,63.0
11.26,14471.0,61.0
11.27,14443.0,60.0
11.28,14531.0,50.0
11.29,14562.0,44.0
11.3,14455.0,75.0
11.31,14490.0,57.0
11.32,14557.0,56.0
11.33,14607.0,34.0
11.34,14573.0,37.0
11.35,14546.0,60.0
11.36,14487.0,39.0
11.37,14575.0,60.0
11.38,14592.0,52.0
11.39,14595.0,72.0
11.4,14643.0,49.0
11.41,14685.0,63.0
11.42,14614.0,56.0
11.43,14606.0,87.0
11.44,14583.0,67.0
11.45,14574.0,53.0
11.46,14561.0,39.0
11.47,14594.0,54.0
11.48,14511.0,50.0
11.49,14544.0,57.0
11.5,14582.0,62.0
11.51,14528.0,46.0
11.52,14557.0,43.0
11.53,14440.0,43.0
11.54,14566.0,60.0
11.55,14611.0,49.0
11.56,14649.0,47.0
11.57,14636.0,61.0
11.58,14559.0,80.0
11.59,14567.0,72.0
11.6,14643.0,58.0
11.61,14610.0,71.0
11.62,14512.0,72.0
11.63,14587.0,69.0
11.64,14572.0,74.0
11.65,14616.0,50.0
11.66,14584.0,46.0
11.67,14417.0,55.0
11.68,14531.0,54.0
11.69,14541.0,41.0
11.7,14632.0,65.0
11.71,14606.0,59.0
11.72,14626.0,79.0
11.73,14640.0,61.0
11.74,14636.0,37.0
11.75,14656.0,67.0
11.76,14650.0,52.0
11.77,14593.0,58.0
11.78,14599.0,42.0
11.79,14708.0,37.0
11.8,14634.0,55.0
11.81,14614.0,45.0
11.82,14609.0,51.0
11.83,14591.0,47.0
11.84,14688.0,64.0
11.85,14591.0,95.0
11.86,14596.0,79.0
11.87,14634.0,60.0
11.88,14706.0,67.0
11.89,14665.0,49.0
11.9,14677.0,61.0
11.91,14607.0,67.0
11.92,14756.0,44.0
11.93,14767.0,51.0
11.94,14729.0,59.0
11.95,14685.0,50.0
11.96,14686.0,45.0
11.97,14772.0,53.0
11.98,14775.0,60.0
11.99,14649.0,79.0
12.0,14612.0,67.0
12.01,14683.0,43.0
12.02,14725.0,69.0
12.03,14684.0,66.0
12.04,14677.0,66.0
12.05,14684.0,63.0
12.06,14703.0,44.0
12.07,14789.0,60.0
12.08,14691.0,38.0
12.09,14640.0,58.0
12.1,14699.0,48.0
12.11,14772.0,43.0
12.12,14701.0,45.0
12.13,14597.0,68.0
12.14,14752.0,75.0
12.15,14745.0,69.0
12.16,14656.0,63.0
12.17,14745.0,72.0
12.18,14696.0,62.0
12.19,14670.0,50.0
12.2,14717.0,66.0
12.21,14684.0,54.0
12.22,14705.0,94.0
12.23,14749.0,72.0
12.24,14814.0,57.0
12.25,14800.0,57.0
12.26,14738.0,80.0
12.27,14801.0,53.0
12.28,14857.0,49.0
12.29,14784.0,45.0
12.3,14798.0,55.0
12.31,14730.0,60.0
12.32,14711.0,59.0
12.33,14821.0,90.0
12.34,14778.0,58.0
12.35,14736.0,54.0
12.36,14705.0,50.0
12.37,14723.0,71.0
12.38,14756.0,53.0
12.39,14804.0,63.0
12.4,14716.0,65.0
12.41,14677.0,64.0
12.42,14768.0,65.0
12.43,14741.0,33.0
12.44,14806.0,51.0
12.45,14778.0,76.0
12.46,14727.0,48.0
12.47,14806.0,57.0
12.48,14832.0,71.0
12.49,14732.0,74.0
12.5,14777.0,60.0
12.51,14812.0,50.0
12.52,14835.0,81.0
12.53,14797.0,56.0
12.54,14712.0,55.0
12.55,14781.0,71.0
12.56,14825.0,36.0
12.57,14776.0,36.0
12.58,14797.0,79.0
12.59,14659.0,66.0
12.6,14776.0,69.0
12.61,14825.0,53.0
12.62,14742.0,36.0
12.63,14652.0,66.0
12.64,14753.0,58.0
12.65,14749.0,50.0
12.66,14783.0,53.0
12.67,14822.0,64.0
12.68,14775.0,82.0
12.69,14774.0,48.0
12.7,14820.0,78.0
12.71,14840.0,54.0
12.72,14763.0,75.0
12.73,14710.0,54.0
12.74,14789.0,65.0
12.75,14847.0,47.0
12.76,14777.0,58.0
12.77,14789.0,63.0
12.78,14820.0,68.0
12.79,14810.0,72.0
12.8,14837.0,34.0
12.81,14822.0,53.0
12.82,14789.0,68.0
12.83,14831.0,66.0
12.84,14850.0,46.0
12.85,14816.0,56.0
12.86,14828.0,57.0
12.87,14795.0,86.0
12.88,14877.0,40.0
12.89,14885.0,59.0
12.9,14870.0,50.0
12.91,14769.0,54.0
12.92,14837.0,66.0
12.93,14875.0,68.0
12.94,14884.0,49.0
12.95,14805.0,65.0
12.96,14852.0,54.0
12.97,14929.0,57.0
12.98,14931.0,52.0
12.99,14806.0,59.0
13.0,14800.0,49.0
13.01,14873.0,63.0
13.02,14939.0,56.0
13.03,14901.0,46.0
13.04,14835.0,52.0
13.05,14729.0,51.0
13.06,14871.0,63.0
13.07,14902.0,52.0
13.08,14920.0,55.0
13.09,14850.0,72.0
13.1,14819.0,70.0
13.11,14913.0,44.0
13.12,14931.0,63.0
13.13,14822.0,56.0
13.14,14856.0,55.0
13.15,14905.0,61.0
13.16,14905.0,75.0
13.17,14893.0,56.0
13.18,14794.0,62.0
13.19,14896.0,82.0
13.2,14901.0,80.0
13.21,14918.0,51.0
13.22,14861.0,84.0
13.23,14870.0,60.0
13.24,14866.0,87.0
13.25,14897.0,67.0
13.26,14934.0,93.0
13.27,14785.0,57.0
13.28,14826.0,88.0
13.29,14867.0,57.0
13.3,14912.0,59.0
13.31,14849.0,65.0
13.32,14855.0,65.0
13.33,14906.0,69.0
13.34,14953.0,53.0
13.35,15011.0,38.0
13.36,14868.0,67.0
13.37,14972.0,83.0
13.38,14914.0,55.0
13.39,15014.0,68.0
13.4,14959.0,66.0
13.41,14876.0,69.0
13.42,14940.0,48.0
13.43,14937.0,53.0
13.44,14999.0,50.0
13.45,14893.0,50.0
13.46,14902.0,45.0
13.47,14934.0,60.0
13.48,14983.0,51.0
13.49,14981.0,47.0
13.5,14935.0,86.0
13.51,14906.0,40.0
13.52,14974.0,57.0
13.53,14999.0,63.0
13.54,14919.0,36.0
13.55,14918.0,49.0
13.56,14925.0,61.0
13.57,14982.0,64.0
13.58,14935.0,66.0
13.59,14877.0,51.0
13.6,14900.0,53.0
13.61,14949.0,54.0
13.62,14916.0,42.0
13.63,14902.0,59.0
13.64,14820.0,64.0
13.65,14840.0,52.0
13.66,14939.0,51.0
13.67,14965.0,42.0
13.68,14878.0,48.0
13.69,14896.0,63.0
13.7,14968.0,59.0
13.71,14946.0,52.0
13.72,14915.0,47.0
13.73,14869.0,59.0
13.74,14868.0,62.0
13.75,14976.0,59.0
13.76,14966.0,52.0
13.77,14972.0,63.0
13.78,14883.0,65.0
13.79,14939.0,58.0
13.8,14940.0,48.0
13.81,14979.0,57.0
13.82,14859.0,41.0
13.83,14843.0,62.0
13.84,14891.0,59.0
13.85,14966.0,53.0
13.86,14849.0,55.0
13.87,14918.0,88.0
13.88,14947.0,52.0
13.89,14990.0,46.0
13.9,15023.0,54.0
13.91,14964.0,71.0
13.92,14979.0,31.0
13.93,15017.0,46.0
13.94,15060.0,47.0
13.95,15058.0,81.0
13.96,14978.0,73.0
13.97,15003.0,64.0
13.98,15074.0,50.0
13.99,15017.0,78.0
14.0,14965.0,56.0
14.01,14956.0,43.0
14.02,14986.0,42.0
14.03,15039.0,63.0
14.04,14974.0,65.0
14.05,14963.0,50.0
14.06,14915.0,46.0
14.07,14990.0,51.0
14.08,15031.0,61.0
14.09,14920.0,59.0
14.1,14944.0,68.0
14.11,14986.0,53.0
14.12,15045.0,74.0
14.13,15009.0,81.0
14.14,14984.0,75.0
14.15,15019.0,53.0
14.16,14931.0,55.0
14.17,15043.0,61.0
14.18,14939.0,66.0
14.19,14911.0,65.0
14.2,14922.0,50.0
14.21,15020.0,60.0
14.22,15010.0,59.0
14.23,14934.0,64.0
14.24,15004.0,78.0
14.25,14964.0,56.0
14.26,15067.0,43.0
14.27,14951.0,64.0
14.28,14964.0,59.0
14.29,14973.0,52.0
14.3,15020.0,38.0
14.31,15103.0,46.0
14.32,15054.0,55.0
14.33,15014.0,47.0
14.34,15005.0,36.0
14.35,15067.0,46.0
14.36,15025.0,38.0
14.37,15027.0,74.0
14.38,14926.0,54.0
14.39,15039.0,49.0
14.4,14989.0,56.0
14.41,14970.0,57.0
14.42,14924.0,56.0
14.43,15005.0,46.0
14.44,15077.0,54.0
14.45,15020.0,61.0
14.46,14959.0,58.0
14.47,14999.0,64.0
14.48,15093.0,54.0
14.49,15110.0,55.0
14.5,15010.0,65.0
14.51,15042.0,59.0
14.52,15019.0,38.0
14.53,15062.0,51.0
14.54,15081.0,51.0
14.55,15001.0,54.0
14.56,14989.0,63.0
14.57,15019.0,46.0
14.58,14981.0,57.0
14.59,14995.0,65.0
14.6,14988.0,75.0
14.61,14893.0,59.0
14.62,15090.0,62.0
14.63,14998.0,40.0
14.64,14932.0,65.0
14.65,14946.0,43.0
14.66,14981.0,60.0
14.67,15019.0,62.0
14.68,15020.0,32.0
14.69,14870.0,57.0
14.7,14959.0,73.0
14.71,15008.0,48.0
14.72,15009.0,46.0
14.73,14967.0,58.0
14.74,14877.0,52.0
14.75,14827.0,66.0
14.76,15029.0,44.0
14.77,15001.0,75.0
14.78,14954.0,52.0
14.79,14978.0,80.0
14.8,15057.0,44.0
14.81,14989.0,45.0
14.82,14996.0,69.0
14.83,14918.0,69.0
14.84,14983.0,37.0
14.85,15068.0,72.0
14.86,15038.0,53.0
14.87,14972.0,46.0
14.88,14945.0,41.0
14.89,15054.0,52.0
14.9,15049.0,47.0
14.91,15039.0,49.0
14.92,14963.0,70.0
14.93,15001.0,32.0
14.94,15070.0,47.0
14.95,15036.0,57.0
14.96,14980.0,62.0
14.97,14957.0,63.0
14.98,14996.0,45.0
14.99,15013.0,63.0
15.0,15020.0,62.0
15.01,14960.0,44.0
15.02,15055.0,49.0
15.03,15037.0,44.0
15.04,15079.0,68.0
15.05,15037.0,70.0
15.06,15055.0,53.0
15.07,15046.0,74.0
15.08,15079.0,42.0
15.09,15065.0,35.0
15.1,14978.0,60.0
15.11,14995.0,39.0
15.12,15015.0,60.0
15.13,15028.0,40.0
15.14,14953.0,59.0
15.15,14979.0,51.0
15.16,14902.0,51.0
15.17,15005.0,60.0
15.18,14989.0,77.0
15.19,14975.0,44.0
15.2,14987.0,67.0
15.21,15050.0,36.0
15.22,15066.0,48.0
15.23,14964.0,50.0
15.24,14977.0,53.0
15.25,14990.0,61.0
15.26,15055.0,38.0
15.27,15017.0,47.0
15.28,14970.0,51.0
15.29,14952.0,61.0
15.3,15038.0,44.0
15.31,14980.0,45.0
15.32,14999.0,47.0
15.33,15013.0,80.0
15.34,15037.0,52.0
15.35,15092.0,43.0
15.36,15115.0,41.0
15.37,14935.0,58.0
15.38,14986.0,49.0
15.39,15067.0,62.0
15.4,15124.0,45.0
15.41,14959.0,73.0
15.42,15049.0,55.0
15.43,15017.0,60.0
15.44,15051.0,51.0
15.45,15090.0,63.0
15.46,15012.0,54.0
15.47,15025.0,76.0
15.48,15057.0,47.0
15.49,15119.0,74.0
15.5,15050.0,63.0
15.51,15011.0,54.0
15.52,15001.0,54.0
15.53,15075.0,62.0
15.54,15160.0,70.0
15.55,14912.0,53.0
15.56,15012.0,49.0
15.57,15075.0,51.0
15.58,15124.0,76.0
15.59,15061.0,49.0
15.6,15044.0,76.0
15.61,14988.0,42.0
15.62,15077.0,51.0
15.63,15009.0,59.0
15.64,15105.0,87.0
15.65,14993.0,61.0
15.66,14967.0,61.0
15.67,15036.0,40.0
15.68,15043.0,48.0
15.69,14971.0,52.0
15.7,15057.0,85.0
15.71,15109.0,66.0
15.72,15094.0,55.0
15.73,15070.0,36.0
15.74,15003.0,60.0
15.75,14992.0,59.0
15.76,15155.0,90.0
15.77,15091.0,87.0
15.78,15017.0,52.0
15.79,14959.0,70.0
15.8,15097.0,77.0
15.81,15031.0,53.0
15.82,14984.0,58.0
15.83,15027.0,83.0
15.84,14971.0,37.0
15.85,15040.0,35.0
15.86,15113.0,40.0
15.87,15007.0,60.0
15.88,15027.0,40.0
15.89,15088.0,42.0
15.9,15123.0,84.0
15.91,15068.0,62.0
15.92,14980.0,36.0
15.93,15103.0,56.0
15.94,15138.0,47.0
15.95,15125.0,64.0
15.96,15096.0,61.0
15.97,15038.0,45.0
15.98,15033.0,56.0
15.99,15122.0,77.0
16.0,15081.0,61.0
16.01,14994.0,53.0
16.02,14960.0,58.0
16.03,15126.0,65.0
16.04,15034.0,47.0
16.05,15020.0,67.0
16.06,15018.0,59.0
16.07,15034.0,48.0
16.08,15032.0,37.0
16.09,15100.0,54.0
16.1,15057.0,69.0
16.11,15039.0,62.0
16.12,15068.0,52.0
16.13,15122.0,47.0
16.14,15088.0,45.0
16.15,15029.0,52.0
16.16,15033.0,60.0
16.17,15119.0,65.0
16.18,15140.0,62.0
16.19,15052.0,53.0
16.2,14969.0,72.0
16.21,15037.0,83.0
16.22,15126.0,48.0
16.23,15029.0,52.0
16.24,14989.0,53.0
16.25,14979.0,66.0
16.26,15012.0,39.0
16.27,15089.0,65.0
16.28,15066.0,60.0
16.29,15003.0,38.0
16.3,15042.0,50.0
16.31,15126.0,31.0
16.32,15052.0,78.0
16.33,15015.0,57.0
16.34,15077.0,99.0
16.35,15119.0,42.0
16.36,15149.0,52.0
16.37,15050.0,42.0
16.38,15029.0,51.0
16.39,15092.0,55.0
16.4,15181.0,59.0
16.41,15175.0,73.0
16.42,15078.0,57.0
16.43,15085.0,58.0
16.44,15129.0,38.0
16.45,15103.0,56.0
16.46,15149.0,71.0
16.47,15098.0,47.0
16.48,15125.0,54.0
16.49,15159.0,59.0
16.5,15172.0,60.0
16.51,15072.0,57.0
16.52,15063.0,67.0
16.53,15159.0,46.0
16.54,15138.0,54.0
16.55,15112.0,38.0
16.56,15100.0,78.0
16.57,15031.0,46.0
16.58,15106.0,72.0
16.59,15031.0,45.0
16.6,15026.0,47.0
16.61,15054.0,82.0
16.62,15047.0,38.0
16.63,14999.0,49.0
16.64,15052.0,73.0
16.65,14996.0,46.0
16.66,15047.0,52.0
16.67,15086.0,57.0
16.68,15112.0,55.0
16.69,15113.0,82.0
16.7,15094.0,60.0
16.71,15091.0,58.0
16.72,15161.0,64.0
16.73,15121.0,59.0
16.74,15040.0,60.0
16.75,15026.0,71.0
16.76,15057.0,79.0
16.77,15073.0,43.0
16.78,15078.0,92.0
16.79,15021.0,55.0
16.8,15031.0,58.0
16.81,15104.0,51.0
16.82,15099.0,47.0
16.83,15072.0,47.0
16.84,15120.0,62.0
16.85,15074.0,47.0
16.86,15239.0,66.0
16.87,15204.0,55.0
16.88,15090.0,67.0
16.89,15097.0,51.0
16.9,15149.0,55.0
16.91,15111.0,54.0
16.92,15067.0,67.0
16.93,15096.0,49.0
16.94,15110.0,43.0
16.95,15029.0,54.0
16.96,15087.0,65.0
16.97,15025.0,53.0
16.98,15064.0,71.0
16.99,15116.0,87.0
17.0,15175.0,46.0
17.01,15055.0,59.0
17.02,15020.0,44.0
17.03,15077.0,44.0
17.04,15137.0,54.0
17.05,15080.0,70.0
17.06,15127.0,29.0
17.07,15054.0,49.0
17.08,15134.0,67.0
17.09,15211.0,71.0
17.1,15095.0,54.0
17.11,15071.0,60.0
17.12,15189.0,54.0
17.13,15208.0,71.0
17.14,15157.0,52.0
17.15,15087.0,63.0
17.16,15096.0,49.0
17.17,15111.0,57.0
17.18,15178.0,52.0
17.19,15051.0,64.0
17.2,15065.0,71.0
17.21,15056.0,49.0
17.22,15033.0,40.0
17.23,15133.0,43.0
17.24,15032.0,37.0
17.25,15087.0,41.0
17.26,15112.0,37.0
17.27,15113.0,45.0
17.28,15031.0,67.0
17.29,15028.0,81.0
17.3,15071.0,63.0
17.31,15121.0,54.0
17.32,15195.0,48.0
17.33,15010.0,63.0
17.34,15146.0,63.0
17.35,15200.0,47.0
17.36,15183.0,35.0
17.37,15142.0,44.0
17.38,15104.0,67.0
17.39,15135.0,63.0
17.4,15199.0,66.0
17.41,15213.0,61.0
17.42,15078.0,68.0
17.43,15069.0,54.0
17.44,15169.0,29.0
17.45,15244.0,27.0
17.46,15172.0,56.0
17.47,15147.0,65.0
17.48,15205.0,57.0
17.49,15146.0,53.0
17.5,15139.0,79.0
17.51,15076.0,89.0
17.52,15045.0,60.0
17.53,15113.0,52.0
17.54,15132.0,40.0
17.55,15148.0,51.0
17.56,15145.0,72.0
17.57,15111.0,43.0
17.58,15196.0,48.0
17.59,15200.0,63.0
17.6,15133.0,62.0
17.61,15120.0,57.0
17.62,15185.0,81.0
17.63,15175.0,40.0
17.64,15148.0,65.0
17.65,15084.0,43.0
17.66,15083.0,47.0
17.67,15119.0,52.0
17.68,15146.0,61.0
17.69,15125.0,37.0
17.7,15088.0,53.0
17.71,15106.0,51.0
17.72,15108.0,36.0
17.73,15141.0,49.0
17.74,15148.0,64.0
17.75,15084.0,67.0
17.76,15129.0,36.0
17.77,15150.0,66.0
17.78,15054.0,57.0
17.79,15073.0,73.0
17.8,15204.0,65.0
17.81,15182.0,55.0
17.82,15235.0,55.0
17.83,15100.0,37.0
17.84,15026.0,60.0
17.85,15168.0,45.0
17.86,15159.0,60.0
17.87,15152.0,62.0
17.88,15148.0,47.0
17.89,15202.0,47.0
17.9,15196.0,49.0
17.91,15128.0,43.0
17.92,15143.0,61.0
17.93,15128.0,50.0
17.94,15269.0,52.0
17.95,15142.0,38.0
17.96,15171.0,49.0
17.97,15125.0,57.0
17.98,15057.0,31.0
17.99,15236.0,31.0
18.0,15209.0,66.0
18.01,15138.0,65.0
18.02,15082.0,83.0
18.03,15187.0,43.0
18.04,15169.0,51.0
18.05,15116.0,46.0
18.06,15156.0,88.0
18.07,15086.0,47.0
18.08,15174.0,66.0
18.09,15231.0,42.0
18.1,15181.0,70.0
18.11,15177.0,52.0
18.12,15182.0,23.0
18.13,15194.0,75.0
18.14,15138.0,57.0
18.15,15119.0,63.0
18.16,15181.0,50.0
18.17,15177.0,58.0
18.18,15244.0,59.0
18.19,15103.0,61.0
18.2,15115.0,58.0
18.21,15154.0,40.0
18.22,15093.0,47.0
18.23,15235.0,47.0
18.24,15155.0,47.0
18.25,15104.0,35.0
18.26,15116.0,23.0
18.27,15193.0,53.0
18.28,15147.0,71.0
18.29,15111.0,52.0
18.3,15188.0,50.0
18.31,15215.0,60.0
18.32,15203.0,61.0
18.33,15080.0,54.0
18.34,15128.0,45.0
18.35,15196.0,42.0
18.36,15214.0,53.0
18.37,15206.0,71.0
18.38,15174.0,69.0
18.39,15134.0,22.0
18.4,15158.0,31.0
18.41,15223.0,78.0
18.42,15125.0,49.0
18.43,15116.0,50.0
18.44,15319.0,43.0
18.45,15046.0,62.0
18.46,15204.0,40.0
18.47,15083.0,52.0
18.48,15167.0,53.0
18.49,15222.0,45.0
18.5,15247.0,43.0
18.51,15161.0,40.0
18.52,15238.0,50.0
18.53,15226.0,36.0
18.54,15223.0,50.0
18.55,15164.0,62.0
18.56,15172.0,60.0
18.57,15122.0,30.0
18.58,15198.0,51.0
18.59,15183.0,63.0
18.6,15131.0,30.0
18.61,15090.0,63.0
18.62,15214.0,50.0
18.63,15142.0,51.0
18.64,15156.0,52.0
18.65,15081.0,49.0
18.66,15160.0,47.0
18.67,15155.0,56.0
18.68,15173.0,56.0
18.69,15103.0,64.0
18.7,15095.0,59.0
18.71,15208.0,46.0
18.72,15173.0,44.0
18.73,15144.0,40.0
18.74,15095.0,70.0
18.75,15162.0,52.0
18.76,15210.0,44.0
18.77,15204.0,51.0
18.78,15102.0,61.0
18.79,15085.0,39.0
18.8,15146.0,48.0
18.81,15164.0,47.0
18.82,15116.0,48.0
18.83,15081.0,62.0
18.84,15182.0,66.0
18.85,15255.0,36.0
18.86,15161.0,40.0
18.87,15196.0,98.0
18.88,15143.0,67.0
18.89,15222.0,48.0
18.9,15200.0,39.0
18.91,15199.0,82.0
18.92,15216.0,65.0
18.93,15205.0,62.0
18.94,15124.0,48.0
18.95,15254.0,41.0
18.96,15161.0,75.0
18.97,15096.0,43.0
18.98,15152.0,47.0
18.99,15217.0,46.0
19.0,15212.0,45.0
19.01,15071.0,55.0
19.02,15152.0,59.0
19.03,15178.0,34.0
19.04,15244.0,50.0
19.05,15177.0,55.0
19.06,15178.0,31.0
19.07,15201.0,60.0
19.08,15218.0,39.0
19.09,15184.0,59.0
19.1,15174.0,47.0
19.11,15204.0,33.0
19.12,15263.0,59.0
19.13,15178.0,49.0
19.14,15151.0,67.0
19.15,15121.0,30.0
19.16,15255.0,27.0
19.17,15245.0,57.0
19.18,15186.0,58.0
19.19,15147.0,70.0
19.2,15127.0,60.0
19.21,15285.0,54.0
19.22,15281.0,49.0
19.23,15176.0,60.0
19.24,15185.0,35.0
19.25,15216.0,41.0
19.26,15169.0,67.0
19.27,15238.0,81.0
19.28,15146.0,61.0
19.29,15146.0,47.0
19.3,15180.0,36.0
19.31,15206.0,61.0
19.32,15138.0,55.0
19.33,15171.0,80.0
19.34,15130.0,46.0
19.35,15240.0,52.0
19.36,15240.0,41.0
19.37,15182.0,52.0
19.38,15169.0,69.0
19.39,15232.0,49.0
19.4,15222.0,48.0
19.41,15219.0,67.0
19.42,15131.0,70.0
19.43,15263.0,41.0
19.44,15245.0,65.0
19.45,15283.0,57.0
19.46,15194.0,69.0
19.47,15190.0,54.0
19.48,15194.0,25.0
19.49,15214.0,45.0
19.5,15143.0,54.0
19.51,15094.0,54.0
19.52,15172.0,45.0
19.53,15200.0,54.0
19.54,15203.0,57.0
19.55,15132.0,49.0
19.56,15099.0,50.0
19.57,15243.0,36.0
19.58,15237.0,36.0
19.59,15227.0,56.0
19.6,15080.0,45.0
19.61,15108.0,55.0
19.62,15212.0,33.0
19.63,15187.0,63.0
19.64,15167.0,54.0
19.65,15104.0,55.0
19.66,15178.0,35.0
19.67,15161.0,32.0
19.68,15185.0,62.0
19.69,15139.0,51.0
19.7,15146.0,72.0
19.71,15174.0,59.0
19.72,15177.0,51.0
19.73,15151.0,84.0
19.74,15163.0,49.0
19.75,15024.0,49.0
19.76,15181.0,71.0
19.77,15214.0,52.0
19.78,15148.0,43.0
19.79,15165.0,48.0
19.8,15157.0,50.0
19.81,15221.0,44.0
19.82,15210.0,74.0
19.83,15135.0,90.0
19.84,15180.0,42.0
19.85,15238.0,66.0
19.86,15128.0,39.0
19.87,15027.0,62.0
19.88,15143.0,45.0
19.89,15226.0,38.0
19.9,15275.0,59.0
19.91,15244.0,52.0
19.92,15217.0,53.0
19.93,15269.0,78.0
19.94,15183.0,38.0
19.95,15245.0,49.0
19.96,15238.0,38.0
19.97,14991.0,54.0
19.98,15090.0,40.0
19.99,15131.0,48.0
20.0,15136.0,56.0
20.01,15061.0,65.0
20.02,15138.0,41.0
20.03,15083.0,63.0
20.04,15128.0,55.0
20.05,15131.0,50.0
20.06,15002.0,72.0
20.07,15266.0,18.0
20.08,15274.0,38.0
20.09,15206.0,59.0
20.1,15126.0,41.0
20.11,15169.0,47.0
20.12,15279.0,36.0
20.13,15282.0,56.0
20.14,15165.0,64.0
20.15,15205.0,34.0
20.16,15215.0,45.0
20.17,15295.0,67.0
20.18,15206.0,69.0
20.19,15175.0,59.0
20.2,15218.0,46.0
20.21,15256.0,51.0
20.22,15239.0,50.0
20.23,15182.0,75.0
20.24,15087.0,61.0
20.25,15075.0,61.0
20.26,15213.0,40.0
20.27,15200.0,62.0
20.28,15111.0,75.0
20.29,15122.0,65.0
20.3,15267.0,73.0
20.31,15246.0,49.0
20.32,15169.0,55.0
20.33,15212.0,63.0
20.34,15182.0,43.0
20.35,15263.0,48.0
20.36,15301.0,46.0
20.37,15170.0,72.0
20.38,15198.0,75.0
20.39,15236.0,57.0
20.4,15284.0,42.0
20.41,15229.0,62.0
20.42,15166.0,80.0
20.43,15254.0,67.0
20.44,15224.0,61.0
20.45,15256.0,45.0
20.46,15251.0,52.0
20.47,15170.0,45.0
20.48,15254.0,34.0
20.49,15242.0,68.0
20.5,15144.0,50.0
20.51,15181.0,58.0
20.52,15167.0,64.0
20.53,15178.0,53.0
20.54,15249.0,60.0
20.55,15155.0,36.0
20.56,15179.0,63.0
20.57,15181.0,27.0
20.58,15199.0,41.0
20.59,15242.0,58.0
20.6,15126.0,72.0
20.61,15198.0,74.0
20.62,15235.0,61.0
20.63,15345.0,51.0
20.64,15235.0,66.0
20.65,15254.0,55.0
20.66,15302.0,49.0
20.67,15263.0,67.0
20.68,15285.0,70.0
20.69,15159.0,69.0
20.7,15234.0,55.0
20.71,15259.0,58.0
20.72,15205.0,61.0
20.73,15138.0,61.0
20.74,15120.0,65.0
20.75,15152.0,59.0
20.76,15220.0,53.0
20.77,15165.0,61.0
20.78,15207.0,53.0
20.79,15118.0,65.0
20.8,15170.0,51.0
20.81,15197.0,65.0
20.82,15163.0,57.0
20.83,15140.0,57.0
20.84,15119.0,43.0
20.85,15191.0,53.0
20.86,15172.0,53.0
20.87,15189.0,65.0
20.88,15180.0,56.0
20.89,15255.0,54.0
20.9,15306.0,64.0
20.91,15225.0,69.0
20.92,15258.0,72.0
20.93,15274.0,66.0
20.94,15258.0,77.0
20.95,15292.0,73.0
20.96,15183.0,57.0
20.97,15179.0,47.0
20.98,15293.0,66.0
20.99,15261.0,46.0
21.0,15210.0,73.0
21.01,15158.0,71.0
21.02,15178.0,50.0
21.03,15260.0,31.0
21.04,15263.0,49.0
21.05,15198.0,66.0
21.06,15176.0,64.0
21.07,15257.0,48.0
21.08,15228.0,77.0
21.09,15191.0,65.0
21.1,15067.0,64.0
21.11,15059.0,54.0
21.12,15217.0,45.0
21.13,15214.0,62.0
21.14,15183.0,79.0
21.15,15151.0,75.0
21.16,15261.0,62.0
21.17,15267.0,80.0
21.18,15209.0,54.0
21.19,15249.0,67.0
21.2,15133.0,51.0
21.21,15299.0,69.0
21.22,15337.0,61.0
21.23,15210.0,57.0
21.24,15232.0,58.0
21.25,15296.0,57.0
21.26,15285.0,43.0
21.27,15244.0,58.0
21.28,15187.0,69.0
21.29,15133.0,59.0
21.3,15238.0,43.0
21.31,15281.0,78.0
21.32,15155.0,71.0
21.33,15181.0,68.0
21.34,15240.0,37.0
21.35,15251.0,62.0
21.36,15260.0,95.0
21.37,15107.0,61.0
21.38,15168.0,49.0
21.39,15282.0,65.0
21.4,15317.0,62.0
21.41,15250.0,66.0
21.42,15279.0,66.0
21.43,15313.0,52.0
21.44,15334.0,49.0
21.45,15251.0,62.0
21.46,15183.0,70.0
21.47,15180.0,58.0
21.48,15279.0,48.0
21.49,15219.0,39.0
21.5,15174.0,59.0
21.51,15220.0,39.0
21.52,15259.0,55.0
21.53,15319.0,43.0
21.54,15299.0,58.0
21.55,15289.0,46.0
21.56,15341.0,48.0
21.57,15278.0,46.0
21.58,15328.0,51.0
21.59,15285.0,64.0
21.6,15215.0,71.0
21.61,15344.0,74.0
21.62,15242.0,49.0
21.63,15258.0,52.0
21.64,15223.0,59.0
21.65,15227.0,45.0
21.66,15295.0,63.0
21.67,15275.0,57.0
21.68,15225.0,57.0
21.69,15232.0,79.0
21.7,15195.0,46.0
21.71,15346.0,44.0
21.72,15370.0,66.0
21.73,15244.0,75.0
21.74,15217.0,71.0
21.75,15328.0,46.0
21.76,15321.0,58.0
21.77,15261.0,63.0
21.78,15262.0,60.0
21.79,15270.0,44.0
21.8,15343.0,71.0
21.81,15258.0,51.0
21.82,15273.0,65.0
21.83,15276.0,50.0
21.84,15186.0,65.0
21.85,15319.0,46.0
21.86,15281.0,59.0
21.87,15227.0,66.0
21.88,15263.0,81.0
21.89,15269.0,65.0
21.9,15369.0,52.0
21.91,15205.0,69.0
21.92,15352.0,48.0
21.93,15381.0,35.0
21.94,15220.0,48.0
21.95,15367.0,56.0
21.96,15283.0,72.0
21.97,15190.0,61.0
21.98,15347.0,46.0
21.99,15276.0,44.0
22.0,15310.0,72.0
22.01,15280.0,90.0
22.02,15286.0,60.0
22.03,15375.0,48.0
22.04,15276.0,70.0
22.05,15296.0,75.0
22.06,15257.0,37.0
22.07,15368.0,62.0
22.08,15384.0,46.0
22.09,15324.0,78.0
22.1,15252.0,64.0
22.11,15325.0,36.0
22.12,15373.0,58.0
22.13,15392.0,74.0
22.14,15301.0,73.0
22.15,15241.0,69.0
22.16,15298.0,65.0
22.17,15326.0,69.0
22.18,15260.0,77.0
22.19,15219.0,60.0
22.2,15282.0,62.0
22.21,15326.0,63.0
22.22,15349.0,72.0
22.23,15329.0,82.0
22.24,15250.0,47.0
22.25,15333.0,77.0
22.26,15335.0,52.0
22.27,15289.0,65.0
22.28,15243.0,64.0
22.29,15290.0,47.0
22.3,15335.0,41.0
22.31,15366.0,61.0
22.32,15299.0,67.0
22.33,15230.0,70.0
22.34,15380.0,50.0
22.35,15355.0,50.0
22.36,15314.0,56.0
22.37,15334.0,57.0
22.38,15377.0,64.0
22.39,15376.0,48.0
22.4,15456.0,66.0
22.41,15308.0,57.0
22.42,15322.0,62.0
22.43,15426.0,54.0
22.44,15427.0,54.0
22.45,15445.0,68.0
22.46,15278.0,81.0
22.47,15355.0,44.0
22.48,15397.0,75.0
22.49,15419.0,58.0
22.5,15289.0,58.0
22.51,15275.0,59.0
22.52,15344.0,69.0
22.53,15389.0,48.0
22.54,15385.0,66.0
22.55,15261.0,71.0
22.56,15316.0,70.0
22.57,15381.0,51.0
22.58,15378.0,45.0
22.59,15366.0,58.0
22.6,15315.0,56.0
22.61,15278.0,56.0
22.62,15404.0,53.0
22.63,15380.0,48.0
22.64,15285.0,71.0
22.65,15377.0,73.0
22.66,15347.0,56.0
22.67,15323.0,55.0
22.68,15308.0,48.0
22.69,15258.0,54.0
22.7,15245.0,55.0
22.71,15356.0,70.0
22.72,15320.0,59.0
22.73,15233.0,82.0
22.74,15195.0,53.0
22.75,15261.0,53.0
22.76,15361.0,58.0
22.77,15280.0,66.0
22.78,15294.0,87.0
22.79,15298.0,58.0
22.8,15342.0,54.0
22.81,15436.0,61.0
22.82,15290.0,76.0
22.83,15377.0,78.0
22.84,15382.0,57.0
22.85,15429.0,56.0
22.86,15326.0,73.0
22.87,15383.0,60.0
22.88,15329.0,54.0
22.89,15411.0,65.0
22.9,15410.0,63.0
22.91,15393.0,63.0
22.92,15318.0,67.0
22.93,15378.0,41.0
22.94,15485.0,63.0
22.95,15417.0,72.0
22.96,15340.0,49.0
22.97,15344.0,61.0
22.98,15420.0,51.0
22.99,15451.0,57.0
23.0,15380.0,79.0
23.01,15401.0,88.0
23.02,15333.0,41.0
23.03,15376.0,43.0
23.04,15465.0,54.0
23.05,15302.0,58.0
23.06,15277.0,60.0
23.07,15356.0,53.0
23.08,15465.0,68.0
23.09,15349.0,49.0
23.1,15254.0,65.0
23.11,15367.0,26.0
23.12,15346.0,60.0
23.13,15369.0,54.0
23.14,15401.0,61.0
23.15,15338.0,60.0
23.16,15403.0,45.0
23.17,15353.0,57.0
23.18,15413.0,58.0
23.19,15376.0,56.0
23.2,15337.0,56.0
23.21,15416.0,60.0
23.22,15418.0,54.0
23.23,15337.0,63.0
23.24,15321.0,53.0
23.25,15364.0,59.0
23.26,15370.0,55.0
23.27,15389.0,60.0
23.28,15373.0,70.0
23.29,15317.0,100.0
23.3,15433.0,53.0
23.31,15449.0,67.0
23.32,15355.0,68.0
23.33,15322.0,68.0
23.34,15407.0,48.0
23.35,15433.0,47.0
23.36,15392.0,63.0
23.37,15332.0,85.0
23.38,15379.0,39.0
23.39,15408.0,58.0
23.4,15376.0,55.0
23.41,15382.0,56.0
23.42,15346.0,64.0
23.43,15330.0,57.0
23.44,15398.0,57.0
23.45,15417.0,71.0
23.46,15366.0,62.0
23.47,15378.0,45.0
23.48,15463.0,47.0
23.49,15429.0,62.0
23.5,15426.0,68.0
23.51,15305.0,61.0
23.52,15340.0,55.0
23.53,15376.0,71.0
23.54,15358.0,63.0
23.55,15343.0,54.0
23.56,15362.0,44.0
23.57,15417.0,57.0
23.58,15455.0,43.0
23.59,15360.0,72.0
23.6,15357.0,69.0
23.61,15362.0,44.0
23.62,15402.0,50.0
23.63,15351.0,48.0
23.64,15264.0,86.0
23.65,15327.0,46.0
23.66,15426.0,61.0
23.67,15432.0,26.0
23.68,15322.0,52.0
23.69,15346.0,50.0
23.7,15345.0,60.0
23.71,15425.0,47.0
23.72,15441.0,87.0
23.73,15326.0,39.0
23.74,15343.0,61.0
23.75,15398.0,58.0
23.76,15339.0,64.0
23.77,15305.0,54.0
23.78,15323.0,53.0
23.79,15301.0,71.0
23.8,15411.0,51.0
23.81,15274.0,62.0
23.82,15264.0,40.0
23.83,15256.0,72.0
23.84,15395.0,56.0
23.85,15396.0,55.0
23.86,15400.0,52.0
23.87,15319.0,50.0
23.88,15339.0,54.0
23.89,15469.0,46.0
23.9,15406.0,61.0
23.91,15457.0,91.0
23.92,15366.0,65.0
23.93,15490.0,96.0
23.94,15460.0,45.0
23.95,15427.0,60.0
23.96,15367.0,54.0
23.97,15398.0,66.0
23.98,15502.0,60.0
23.99,15484.0,78.0
24.0,15329.0,54.0
24.01,15319.0,62.0
24.02,15348.0,52.0
24.03,15361.0,31.0
24.04,15379.0,65.0
24.05,15304.0,19.0
24.06,15337.0,61.0
24.07,15411.0,58.0
24.08,15389.0,66.0
24.09,15346.0,51.0
24.1,15356.0,77.0
24.11,15353.0,43.0
24.12,15442.0,73.0
24.13,15383.0,61.0
24.14,15376.0,62.0
24.15,15374.0,63.0
24.16,15212.0,43.0
24.17,15353.0,61.0
24.18,15227.0,58.0
24.19,15316.0,66.0
24.2,15317.0,48.0
24.21,15387.0,60.0
24.22,15427.0,66.0
24.23,15290.0,52.0
24.24,15241.0,48.0
24.25,15468.0,56.0
24.26,15435.0,56.0
24.27,15401.0,76.0
24.28,15253.0,56.0
24.29,15492.0,49.0
24.3,15445.0,63.0
24.31,15336.0,66.0
24.32,15393.0,64.0
24.33,15387.0,63.0
24.34,15411.0,47.0
24.35,15456.0,67.0
24.36,15300.0,59.0
24.37,15393.0,48.0
24.38,15387.0,44.0
24.39,15448.0,59.0
24.4,15423.0,33.0
24.41,15443.0,63.0
24.42,15338.0,46.0
24.43,15426.0,38.0
24.44,15492.0,72.0
24.45,15393.0,84.0
24.46,15391.0,62.0
24.47,15445.0,70.0
24.48,15507.0,64.0
24.49,15411.0,68.0
24.5,15369.0,62.0
24.51,15365.0,57.0
24.52,15483.0,58.0
24.53,15434.0,35.0
24.54,15381.0,42.0
24.55,15392.0,55.0
24.56,15436.0,61.0
24.57,15485.0,77.0
24.58,15516.0,81.0
24.59,15353.0,62.0
24.6,15483.0,85.0
24.61,15475.0,59.0
24.62,15530.0,71.0
24.63,15465.0,48.0
24.64,15365.0,49.0
24.65,15372.0,47.0
24.66,15434.0,54.0
24.67,15441.0,78.0
24.68,15321.0,63.0
24.69,15360.0,65.0
24.7,15348.0,44.0
24.71,15414.0,46.0
24.72,15342.0,83.0
24.73,15306.0,60.0
24.74,15384.0,78.0
24.75,15414.0,56.0
24.76,15422.0,38.0
24.77,15432.0,95.0
24.78,15353.0,68.0
24.79,15439.0,49.0
24.8,15418.0,60.0
24.81,15387.0,72.0
24.82,15399.0,75.0
24.83,15414.0,68.0
24.84,15425.0,47.0
24.85,15424.0,51.0
24.86,15442.0,91.0
24.87,15464.0,94.0
24.88,15481.0,56.0
24.89,15476.0,41.0
24.9,15474.0,66.0
24.91,15503.0,64.0
24.92,15408.0,53.0
24.93,15428.0,61.0
24.94,15444.0,65.0
24.95,15378.0,60.0
24.96,15380.0,86.0
24.97,15427.0,55.0
24.98,15463.0,43.0
24.99,15416.0,53.0
25.0,15384.0,47.0
25.01,15364.0,29.0
25.02,15359.0,80.0
25.03,15388.0,51.0
25.04,15425.0,62.0
25.05,15380.0,33.0
25.06,15388.0,72.0
25.07,15483.0,58.0
25.08,15331.0,55.0
25.09,15301.0,70.0
25.1,15361.0,50.0
25.11,15402.0,58.0
25.12,15431.0,76.0
25.13,15315.0,63.0
25.14,15363.0,58.0
25.15,15424.0,83.0
25.16,15167.0,52.0
25.17,15162.0,63.0
25.18,15398.0,49.0
25.19,15390.0,69.0
25.2,15403.0,32.0
25.21,15484.0,57.0
25.22,15343.0,52.0
25.23,15376.0,72.0
25.24,15433.0,41.0
25.25,15357.0,73.0
25.26,15386.0,43.0
25.27,15337.0,50.0
25.28,15359.0,58.0
25.29,15369.0,46.0
25.3,15402.0,68.0
25.31,15290.0,58.0
25.32,15341.0,48.0
25.33,15448.0,44.0
25.34,15387.0,46.0
25.35,15362.0,70.0
25.36,15371.0,68.0
25.37,15345.0,38.0
25.38,15446.0,66.0
25.39,15510.0,65.0
25.4,15323.0,58.0
25.41,15335.0,62.0
25.42,15507.0,73.0
25.43,15431.0,53.0
25.44,15410.0,72.0
25.45,15349.0,53.0
25.46,15325.0,45.0
25.47,15434.0,65.0
25.48,15425.0,70.0
25.49,15374.0,67.0
25.5,15405.0,58.0
25.51,15492.0,55.0
25.52,15414.0,46.0
25.53,15351.0,73.0
25.54,15374.0,55.0
25.55,15430.0,64.0
25.56,15483.0,60.0
25.57,15495.0,72.0
25.58,15344.0,49.0
25.59,15378.0,87.0
25.6,15414.0,48.0
25.61,15514.0,57.0
25.62,15424.0,72.0
25.63,15343.0,48.0
25.64,15344.0,64.0
25.65,15455.0,33.0
25.66,15452.0,51.0
25.67,15355.0,60.0
25.68,15388.0,67.0
25.69,15445.0,57.0
25.7,15438.0,50.0
25.71,15414.0,67.0
25.72,15391.0,68.0
25.73,15413.0,54.0
25.74,15446.0,49.0
25.75,15375.0,62.0
25.76,15329.0,55.0
25.77,15297.0,68.0
25.78,15362.0,33.0
25.79,15450.0,48.0
25.8,15359.0,59.0
25.81,15309.0,58.0
25.82,15303.0,35.0
25.83,15425.0,49.0
25.84,15420.0,51.0
25.85,15366.0,57.0
25.86,15358.0,47.0
25.87,15443.0,46.0
25.88,15461.0,78.0
25.89,15411.0,65.0
25.9,15366.0,71.0
25.91,15306.0,65.0
25.92,15480.0,60.0
25.93,15435.0,52.0
25.94,15422.0,56.0
25.95,15460.0,45.0
25.96,15437.0,38.0
25.97,15485.0,28.0
25.98,15469.0,79.0
25.99,15356.0,62.0
26.0,15477.0,55.0
26.01,15481.0,57.0
26.02,15505.0,86.0
26.03,15274.0,69.0
26.04,15252.0,60.0
26.05,15407.0,51.0
26.06,15433.0,60.0
26.07,15378.0,51.0
26.08,15373.0,57.0
26.09,15369.0,66.0
26.1,15443.0,60.0
26.11,15478.0,73.0
26.12,15381.0,78.0
26.13,15320.0,41.0
26.14,15449.0,70.0
26.15,15461.0,69.0
26.16,15329.0,75.0
26.17,15405.0,57.0
26.18,15286.0,51.0
26.19,15446.0,64.0
26.2,15366.0,55.0
26.21,15396.0,56.0
26.22,15441.0,62.0
26.23,15415.0,53.0
26.24,15447.0,56.0
26.25,15528.0,74.0
26.26,15397.0,41.0
26.27,15323.0,48.0
26.28,15366.0,69.0
26.29,15332.0,64.0
26.3,15279.0,55.0
26.31,15161.0,64.0
26.32,15420.0,59.0
26.33,15325.0,50.0
26.34,15485.0,55.0
26.35,15405.0,40.0
26.36,15364.0,45.0
26.37,15444.0,40.0
26.38,15445.0,68.0
26.39,15503.0,67.0
26.4,15476.0,82.0
26.41,15431.0,52.0
26.42,15514.0,62.0
26.43,15443.0,72.0
26.44,15451.0,59.0
26.45,15465.0,35.0
26.46,15523.0,54.0
26.47,15501.0,73.0
26.48,15473.0,54.0
26.49,15360.0,80.0
26.5,15481.0,57.0
26.51,15461.0,52.0
26.52,15458.0,49.0
26.53,15408.0,71.0
26.54,15266.0,47.0
26.55,15339.0,62.0
26.56,15412.0,66.0
26.57,15398.0,61.0
26.58,15404.0,70.0
26.59,15443.0,50.0
26.6,15509.0,60.0
26.61,15397.0,51.0
26.62,15439.0,85.0
26.63,15420.0,69.0
26.64,15478.0,39.0
26.65,15515.0,60.0
26.66,15459.0,72.0
26.67,15406.0,64.0
26.68,15456.0,54.0
26.69,15501.0,38.0
26.7,15445.0,41.0
26.71,15337.0,59.0
26.72,15397.0,56.0
26.73,15473.0,55.0
26.74,15483.0,45.0
26.75,15472.0,69.0
26.76,15403.0,64.0
26.77,15403.0,56.0
26.78,15428.0,61.0
26.79,15502.0,61.0
26.8,15437.0,54.0
26.81,15458.0,43.0
26.82,15518.0,51.0
26.83,15533.0,62.0
26.84,15522.0,68.0
26.85,15426.0,63.0
26.86,15456.0,59.0
26.87,15554.0,64.0
26.88,15513.0,62.0
26.89,15398.0,46.0
26.9,15368.0,62.0
26.91,15452.0,59.0
26.92,15520.0,54.0
26.93,15493.0,50.0
26.94,15394.0,53.0
26.95,15456.0,62.0
26.96,15495.0,56.0
26.97,15565.0,47.0
26.98,15517.0,85.0
26.99,15481.0,60.0
27.0,15471.0,44.0
27.01,15469.0,46.0
27.02,15521.0,78.0
27.03,15455.0,96.0
27.04,15462.0,56.0
27.05,15505.0,51.0
27.06,15488.0,59.0
27.07,15434.0,78.0
27.08,15409.0,60.0
27.09,15484.0,43.0
27.1,15489.0,46.0
27.11,15445.0,58.0
27.12,15373.0,69.0
27.13,15401.0,49.0
27.14,15501.0,53.0
27.15,15517.0,75.0
27.16,15488.0,71.0
27.17,15423.0,79.0
27.18,15433.0,56.0
27.19,15405.0,49.0
27.2,15501.0,59.0
27.21,15382.0,71.0
27.22,15388.0,53.0
27.23,15445.0,65.0
27.24,15417.0,61.0
27.25,15301.0,65.0
27.26,15392.0,53.0
27.27,15420.0,62.0
27.28,15477.0,68.0
27.29,15465.0,63.0
27.3,15450.0,64.0
27.31,15403.0,51.0
27.32,15414.0,43.0
27.33,15535.0,53.0
27.34,15532.0,75.0
27.35,15480.0,63.0
27.36,15510.0,52.0
27.37,15524.0,62.0
27.38,15518.0,62.0
27.39,15383.0,65.0
27.4,15466.0,60.0
27.41,15530.0,59.0
27.42,15494.0,49.0
27.43,15501.0,61.0
27.44,15434.0,55.0
27.45,15480.0,75.0
27.46,15503.0,52.0
27.47,15591.0,73.0
27.48,15447.0,51.0
27.49,15448.0,62.0
27.5,15524.0,63.0
27.51,15522.0,64.0
27.52,15476.0,51.0
27.53,15458.0,82.0
27.54,15394.0,57.0
27.55,15536.0,61.0
27.56,15519.0,42.0
27.57,15468.0,65.0
27.58,15426.0,56.0
27.59,15462.0,60.0
27.6,15505.0,38.0
27.61,15491.0,53.0
27.62,15454.0,85.0
27.63,15423.0,53.0
27.64,15486.0,46.0
27.65,15504.0,48.0
27.66,15406.0,72.0
27.67,15371.0,55.0
27.68,15414.0,58.0
27.69,15491.0,56.0
27.7,15467.0,81.0
27.71,15438.0,69.0
27.72,15400.0,46.0
27.73,15500.0,48.0
27.74,15453.0,52.0
27.75,15407.0,69.0
27.76,15379.0,47.0
27.77,15397.0,56.0
27.78,15489.0,55.0
27.79,15468.0,61.0
27.8,15400.0,59.0
27.81,15422.0,62.0
27.82,15492.0,56.0
27.83,15498.0,58.0
27.84,15383.0,57.0
27.85,15405.0,80.0
27.86,15468.0,59.0
27.87,15520.0,74.0
27.88,15552.0,59.0
27.89,15426.0,48.0
27.9,15448.0,49.0
27.91,15486.0,39.0
27.92,15540.0,54.0
27.93,15472.0,59.0
27.94,15501.0,81.0
27.95,15523.0,49.0
27.96,15488.0,53.0
27.97,15448.0,66.0
27.98,15303.0,78.0
27.99,15485.0,67.0
28.0,15461.0,63.0
28.01,15542.0,72.0
28.02,15460.0,62.0
28.03,15470.0,41.0
28.04,15477.0,78.0
28.05,15442.0,66.0
28.06,15533.0,66.0
28.07,15580.0,64.0
28.08,15450.0,60.0
28.09,15495.0,67.0
28.1,15483.0,57.0
28.11,15491.0,56.0
28.12,15471.0,82.0
28.13,15448.0,86.0
28.14,15513.0,55.0
28.15,15477.0,65.0
28.16,15469.0,86.0
28.17,15390.0,89.0
28.18,15517.0,61.0
28.19,15433.0,54.0
28.2,15384.0,67.0
28.21,15396.0,69.0
28.22,15425.0,65.0
28.23,15542.0,68.0
28.24,15457.0,78.0
28.25,15429.0,56.0
28.26,15448.0,60.0
28.27,15431.0,45.0
28.28,15432.0,47.0
28.29,15417.0,48.0
28.3,15413.0,61.0
28.31,15384.0,51.0
28.32,15416.0,44.0
28.33,15477.0,64.0
28.34,15427.0,70.0
28.35,15417.0,93.0
28.36,15491.0,58.0
28.37,15547.0,48.0
28.38,15447.0,55.0
28.39,15412.0,50.0
28.4,15388.0,48.0
28.41,15490.0,63.0
28.42,15635.0,61.0
28.43,15480.0,66.0
28.44,15433.0,62.0
28.45,15434.0,64.0
28.46,15451.0,56.0
28.47,15404.0,56.0
28.48,15337.0,63.0
28.49,15331.0,53.0
28.5,15427.0,56.0
28.51,15485.0,72.0
28.52,15431.0,90.0
28.53,15454.0,52.0
28.54,15522.0,64.0
28.55,15537.0,47.0
28.56,15483.0,63.0
28.57,15438.0,84.0
28.58,15485.0,50.0
28.59,15571.0,55.0
28.6,15526.0,33.0
28.61,15475.0,59.0
28.62,15474.0,71.0
28.63,15454.0,41.0
28.64,15525.0,52.0
28.65,15555.0,46.0
28.66,15352.0,48.0
28.67,15380.0,57.0
28.68,15437.0,48.0
28.69,15509.0,48.0
28.7,15450.0,52.0
28.71,15436.0,63.0
28.72,15451.0,56.0
28.73,15459.0,41.0
28.74,15547.0,70.0
28.75,15461.0,63.0
28.76,15426.0,61.0
28.77,15529.0,48.0
28.78,15554.0,65.0
28.79,15435.0,65.0
28.8,15468.0,78.0
28.81,15445.0,57.0
28.82,15542.0,56.0
28.83,15540.0,55.0
28.84,15437.0,73.0
28.85,15414.0,44.0
28.86,15512.0,53.0
28.87,15560.0,53.0
28.88,15502.0,63.0
28.89,15438.0,75.0
28.9,15468.0,47.0
28.91,15507.0,45.0
28.92,15496.0,57.0
28.93,15501.0,64.0
28.94,15459.0,83.0
28.95,15473.0,53.0
28.96,15498.0,62.0
28.97,15479.0,69.0
28.98,15470.0,70.0
28.99,15497.0,40.0
29.0,15552.0,39.0
29.01,15560.0,71.0
29.02,15493.0,81.0
29.03,15503.0,56.0
29.04,15552.0,68.0
29.05,15592.0,46.0
29.06,15546.0,64.0
29.07,15536.0,88.0
29.08,15497.0,44.0
29.09,15517.0,59.0
29.1,15518.0,48.0
29.11,15497.0,71.0
29.12,15463.0,73.0
29.13,15538.0,57.0
29.14,15446.0,38.0
29.15,15460.0,65.0
29.16,15444.0,76.0
29.17,15451.0,57.0
29.18,15461.0,46.0
29.19,15528.0,71.0
29.2,15444.0,63.0
29.21,15391.0,56.0
29.22,15482.0,50.0
29.23,15503.0,41.0
29.24,15450.0,58.0
29.25,15494.0,73.0
29.26,15354.0,61.0
29.27,15494.0,48.0
29.28,15566.0,58.0
29.29,15432.0,61.0
29.3,15400.0,70.0
29.31,15534.0,62.0
29.32,15504.0,57.0
29.33,15592.0,62.0
29.34,15523.0,61.0
29.35,15426.0,52.0
29.36,15519.0,27.0
29.37,15606.0,61.0
29.38,15509.0,43.0
29.39,15440.0,68.0
29.4,15447.0,74.0
29.41,15506.0,77.0
29.42,15515.0,61.0
29.43,15412.0,57.0
29.44,15458.0,55.0
29.45,15468.0,43.0
29.46,15546.0,89.0
29.47,15536.0,79.0
29.48,15525.0,70.0
29.49,15503.0,67.0
29.5,15589.0,72.0
29.51,15566.0,61.0
29.52,15483.0,59.0
29.53,15458.0,71.0
29.54,15583.0,48.0
29.55,15542.0,50.0
29.56,15454.0,61.0
29.57,15460.0,53.0
29.58,15470.0,56.0
29.59,15578.0,66.0
29.6,15547.0,40.0
29.61,15501.0,74.0
29.62,15442.0,52.0
29.63,15533.0,59.0
29.64,15579.0,41.0
29.65,15558.0,86.0
29.66,15478.0,57.0
29.67,15495.0,47.0
29.68,15574.0,59.0
29.69,15561.0,57.0
29.7,15459.0,44.0
29.71,15483.0,53.0
29.72,15501.0,48.0
29.73,15508.0,43.0
29.74,15517.0,86.0
29.75,15455.0,55.0
29.76,15392.0,45.0
29.77,15576.0,53.0
29.78,15506.0,79.0
29.79,15452.0,63.0
29.8,15465.0,79.0
29.81,15578.0,80.0
29.82,15560.0,73.0
29.83,15524.0,49.0
29.84,15480.0,67.0
29.85,15475.0,53.0
29.86,15552.0,35.0
29.87,15628.0,45.0
29.88,15559.0,67.0
29.89,15437.0,57.0
29.9,15509.0,60.0
29.91,15535.0,57.0
29.92,15522.0,67.0
29.93,15478.0,70.0
29.94,15427.0,37.0
29.95,15485.0,54.0
29.96,15568.0,50.0
29.97,15447.0,67.0
29.98,15490.0,59.0
29.99,15570.0,51.0
30.0,15504.0,56.0
